{
  "feature_columns": [
    "hour",
    "day_of_week",
    "month",
    "day_of_month",
    "IsOutsideWorkHours",
    "IsWeekend",
    "NightShift",
    "op_DELETE",
    "op_INSERT",
    "op_UPDATE",
    "frekuensi_aktivitas_per_user",
    "jumlah_tipe_operasi_unik",
    "rasio_operasi_modifikasi",
    "pola_waktu_akses"
  ],
  "n_features": 14,
  "n_samples": 4684,
  "scaler_params": {
    "mean": [
      15.132578992314262,
      2.429547395388557,
      1.0,
      4.236122971818959,
      0.0,
      0.25704526046114434,
      0.0,
      0.17506404782237403,
      0.6385567890691717,
      0.18637916310845432,
      2216.715627668659,
      2.973526900085397,
      1.0,
      1.9383394258662678
    ],
    "scale": [
      2.0114249066140237,
      1.9907852752262587,
      1.0,
      1.7840770238118373,
      1.0,
      0.43700457038297297,
      1.0,
      0.38002187697870704,
      0.4804185843645529,
      0.3894123401581497,
      1326.3353317696885,
      0.16186185584629859,
      1.0,
      0.35608384970217216
    ],
    "var": [
      4.045830154947234,
      3.963226012057691,
      0.0,
      3.1829308268933034,
      0.0,
      0.1909729945356068,
      0.0,
      0.14441662698241955,
      0.23080201620284105,
      0.15164197066744647,
      1759165.4123006095,
      0.026199260378007946,
      0.0,
      0.12679570801871914
    ]
  }
}