{
  "feature_columns": [
    "hour",
    "day_of_week",
    "month",
    "day_of_month",
    "IsEarlyLogin",
    "IsLateLogin",
    "IsAfterWorkHours",
    "IsWeekend",
    "frekuensi_login_per_user",
    "pola_waktu_login",
    "rasio_login_weekend"
  ],
  "n_features": 11,
  "n_samples": 810,
  "scaler_params": {
    "mean": [
      13.560493827160494,
      2.7962962962962963,
      1.0,
      15.580246913580247,
      0.009876543209876543,
      0.8518518518518519,
      0.0,
      0.18765432098765433,
      125.85185185185185,
      2.4077315909477695,
      0.18765432098765428
    ],
    "scale": [
      2.756257930750693,
      1.6508093371931418,
      1.0,
      8.168388628030614,
      0.09888881182469526,
      0.3552467795046459,
      1.0,
      0.39043588052626094,
      62.90987304231565,
      0.6830989872999078,
      0.07665186167714323
    ],
    "var": [
      7.596957780826093,
      2.72517146776406,
      0.0,
      66.72257277853986,
      0.00977899710409999,
      0.1262002743484225,
      0.0,
      0.15244017680231672,
      3957.652126200274,
      0.46662422645015955,
      0.005875507898571899
    ]
  }
}