{
  "feature_columns": [
    "hour",
    "day_of_week",
    "month",
    "day_of_month",
    "IsOutsideWorkHours",
    "IsWeekend",
    "NightShift",
    "source_tracker",
    "source_staff",
    "frekuensi_aktivitas_per_user",
    "frekuensi_per_user_per_source",
    "pola_waktu_akses",
    "rasio_weekend_per_user",
    "rasio_outside_hours_per_user"
  ],
  "n_features": 14,
  "n_samples": 2662,
  "source_distribution": {
    "tracker": 2662
  },
  "scaler_params": {
    "mean": [
      14.874530428249436,
      2.396694214876033,
      1.0,
      4.320811419984974,
      0.0,
      0.2370398196844478,
      0.0,
      1.0,
      0.0,
      834.5138993238166,
      834.5138993238166,
      2.1264506141357926,
      0.2370398196844477,
      0.0
    ],
    "scale": [
      2.2305249626385963,
      1.9621791069861343,
      1.0,
      1.8204559174304662,
      1.0,
      0.42526690862141187,
      1.0,
      1.0,
      1.0,
      558.4768175512711,
      558.4768175512711,
      0.4878944514977753,
      0.06176396204582282,
      1.0
    ],
    "var": [
      4.975241608953911,
      3.850146847892903,
      0.0,
      3.3140597473076006,
      0.0,
      0.18085194356841225,
      0.0,
      0.0,
      0.0,
      311896.3557421958,
      311896.3557421958,
      0.23804099580231503,
      0.0038147870075978425,
      0.0
    ]
  }
}