{
  "feature_columns": [
    "hour",
    "day_of_week",
    "day_of_month",
    "month",
    "is_outside_work_hours",
    "is_weekend",
    "is_night_shift",
    "ip_last_octet",
    "ip_count_per_hour",
    "user_avg_daily_activity",
    "user_query_diversity",
    "modification_ratio",
    "delete_operation_count",
    "query_length_normalized",
    "query_DELETE",
    "query_INSERT",
    "query_UPDATE"
  ],
  "n_features": 17,
  "n_samples": 4684,
  "scaler_params": {
    "mean": [
      15.132578992314262,
      2.429547395388557,
      4.236122971818959,
      1.0,
      0.2587532023911187,
      0.25704526046114434,
      0.0,
      13.172502134927413,
      1.1189154568744664,
      444.3324295473954,
      2.973526900085397,
      1.0,
      395.6208368915457,
      1.9872138852385382e-16,
      0.17506404782237403,
      0.6385567890691717,
      0.18637916310845432
    ],
    "scale": [
      2.0114249066140237,
      1.9907852752262587,
      1.7840770238118373,
      1.0,
      0.4379497489934883,
      0.43700457038297297,
      1.0,
      10.360770398602478,
      0.3236890035061482,
      263.76513653448814,
      0.16186185584629859,
      1.0,
      255.34350643405003,
      0.9998932479313746,
      0.38002187697870704,
      0.4804185843645529,
      0.3894123401581497
    ],
    "var": [
      4.045830154947234,
      3.963226012057691,
      3.1829308268933034,
      0.0,
      0.19179998264345943,
      0.1909729945356068,
      0.0,
      107.34556325255734,
      0.10477457099080321,
      69572.04725105717,
      0.026199260378007946,
      0.0,
      65200.30627803574,
      0.9997865072587534,
      0.14441662698241955,
      0.23080201620284105,
      0.15164197066744647
    ]
  }
}