{
  "optimal_k": 10,
  "method": "silhouette_score",
  "n_anomalies": 133,
  "feature_columns": [
    "hour",
    "day_of_week",
    "month",
    "day_of_month",
    "IsOutsideWorkHours",
    "IsWeekend",
    "NightShift",
    "source_tracker",
    "source_staff",
    "frekuensi_aktivitas_per_user",
    "frekuensi_per_user_per_source",
    "pola_waktu_akses",
    "rasio_weekend_per_user",
    "rasio_outside_hours_per_user"
  ],
  "inertia": 16.935863217800875,
  "silhouette_score": 0.8385057998794011,
  "cluster_centers": [
    [
      0.6913781572715344,
      1.326742179577373,
      0.0,
      -0.17622586568192877,
      0.0,
      1.7940737095882693,
      0.0,
      0.0,
      0.0,
      -0.8530892438462667,
      -0.8530892438462667,
      0.5057169370659564,
      -0.14445675152163512,
      0.0
    ],
    [
      0.7169405449671198,
      -0.9532149326955222,
      0.0,
      1.2115120989041754,
      0.0,
      -0.5573906995323479,
      0.0,
      0.0,
      0.0,
      -0.722525781988743,
      -0.722525781988743,
      0.27073138926001483,
      -0.08129754039748477,
      0.0
    ],
    [
      -2.6336985806696243,
      0.817104707422255,
      0.0,
      -0.7255388099972617,
      0.0,
      -0.5573906995323477,
      0.0,
      0.0,
      0.0,
      0.9588331759662035,
      0.9588331759662035,
      0.5434601571116673,
      -0.06788917383359788,
      0.0
    ],
    [
      -0.3080128847501058,
      0.40302426129622176,
      0.0,
      -1.1718555772534696,
      0.0,
      -0.5573906995323478,
      0.0,
      0.0,
      0.0,
      -1.1218261521952955,
      -1.1218261521952955,
      -1.6589273954809647,
      1.5331100274310456,
      0.0
    ],
    [
      0.5045760933422561,
      0.3074672352671372,
      0.0,
      -1.2748517543125948,
      0.0,
      -0.5573906995323477,
      0.0,
      0.0,
      0.0,
      -0.722525781988743,
      -0.722525781988743,
      0.2707313892600149,
      -0.08129754039748488,
      0.0
    ],
    [
      1.0955498955912462,
      -1.151949162267973,
      0.0,
      0.9973063335371914,
      0.0,
      -0.5573906995323479,
      0.0,
      0.0,
      0.0,
      -1.2352841049201093,
      -1.2352841049201093,
      -1.6589259341727227,
      0.9390856680925239,
      0.0
    ],
    [
      -1.0034260227413747,
      -1.175114501911387,
      0.0,
      0.9723375633410402,
      0.0,
      -0.5573906995323477,
      0.0,
      0.0,
      0.0,
      0.9588331759662038,
      0.9588331759662038,
      0.5434601571116673,
      -0.06788917383359788,
      0.0
    ],
    [
      -0.8403987669485496,
      1.3267421795773728,
      0.0,
      -0.17622586568192883,
      0.0,
      1.7940737095882702,
      0.0,
      0.0,
      0.0,
      0.9588331759662038,
      0.9588331759662038,
      0.5434601571116673,
      -0.06788917383359788,
      0.0
    ],
    [
      -0.3920738135182811,
      -0.7118077090430983,
      0.0,
      1.47171296726407,
      0.0,
      -0.5573906995323477,
      0.0,
      0.0,
      0.0,
      -0.722525781988743,
      -0.722525781988743,
      0.2707313892600148,
      -0.08129754039748482,
      0.0
    ],
    [
      0.13776476780839977,
      -0.7118077090430984,
      0.0,
      1.47171296726407,
      0.0,
      -0.5573906995323477,
      0.0,
      0.0,
      0.0,
      -1.0358780904468,
      -1.0358780904468,
      0.834696703994275,
      -0.23287964709544545,
      0.0
    ]
  ],
  "elbow_analysis": {
    "k_range": [
      2,
      3,
      4,
      5,
      6,
      7,
      8,
      9,
      10
    ],
    "inertias": [
      555.9962806906813,
      362.33475177364846,
      268.1255779104494,
      170.46126372708164,
      114.00335196144631,
      63.319639241937864,
      31.838156650089406,
      21.631288430952623,
      16.935863217800875
    ],
    "silhouette_scores": [
      0.41460861800677584,
      0.46775263773318765,
      0.5360064900357315,
      0.6103775989509451,
      0.6886972214844008,
      0.7658918748326919,
      0.8187294378804897,
      0.7796117571873976,
      0.8385057998794011
    ]
  },
  "cluster_distribution": {
    "0": 12,
    "1": 19,
    "2": 12,
    "3": 16,
    "4": 13,
    "5": 22,
    "6": 11,
    "7": 5,
    "8": 12,
    "9": 11
  },
  "cluster_interpretations": {
    "0": {
      "label": "Aktivitas Weekend - Frekuensi Rendah",
      "count": 12,
      "percentage": 9.022556390977442,
      "avg_hour": 0.6913781572715344,
      "weekend_pct": 179.40737095882693,
      "outside_hours_pct": 0.0,
      "avg_frequency": -0.8530892438462668,
      "avg_lof_score": 2842839581.6970954,
      "top_users": {
        "1": 7,
        "10": 5
      }
    },
    "1": {
      "label": "Frekuensi Rendah - Anomali Kuat",
      "count": 19,
      "percentage": 14.285714285714285,
      "avg_hour": 0.7169405449671199,
      "weekend_pct": -55.73906995323479,
      "outside_hours_pct": 0.0,
      "avg_frequency": -0.722525781988743,
      "avg_lof_score": 3787961077.7069187,
      "top_users": {
        "1": 19
      }
    },
    "2": {
      "label": "Frekuensi Tinggi - Anomali Kuat",
      "count": 12,
      "percentage": 9.022556390977442,
      "avg_hour": -2.633698580669624,
      "weekend_pct": -55.73906995323477,
      "outside_hours_pct": 0.0,
      "avg_frequency": 0.9588331759662037,
      "avg_lof_score": 4196171827.9516006,
      "top_users": {
        "7": 12
      }
    },
    "3": {
      "label": "Frekuensi Rendah",
      "count": 16,
      "percentage": 12.030075187969924,
      "avg_hour": -0.30801288475010574,
      "weekend_pct": -55.739069953234775,
      "outside_hours_pct": 0.0,
      "avg_frequency": -1.1218261521952957,
      "avg_lof_score": 2970271391.128847,
      "top_users": {
        "8": 16
      }
    },
    "4": {
      "label": "Frekuensi Rendah",
      "count": 13,
      "percentage": 9.774436090225564,
      "avg_hour": 0.5045760933422558,
      "weekend_pct": -55.73906995323477,
      "outside_hours_pct": 0.0,
      "avg_frequency": -0.7225257819887431,
      "avg_lof_score": 2151959777.4652896,
      "top_users": {
        "1": 13
      }
    },
    "5": {
      "label": "Frekuensi Rendah - Anomali Kuat",
      "count": 22,
      "percentage": 16.541353383458645,
      "avg_hour": 1.0955498955912462,
      "weekend_pct": -55.73906995323479,
      "outside_hours_pct": 0.0,
      "avg_frequency": -1.235284104920109,
      "avg_lof_score": 3514296149.201584,
      "top_users": {
        "5": 11,
        "9": 7,
        "8": 4
      }
    },
    "6": {
      "label": "Frekuensi Tinggi - Anomali Kuat",
      "count": 11,
      "percentage": 8.270676691729323,
      "avg_hour": -1.0034260227413745,
      "weekend_pct": -55.73906995323477,
      "outside_hours_pct": 0.0,
      "avg_frequency": 0.9588331759662037,
      "avg_lof_score": 3276847842.4426894,
      "top_users": {
        "7": 11
      }
    },
    "7": {
      "label": "Aktivitas Weekend - Frekuensi Tinggi - Anomali Kuat",
      "count": 5,
      "percentage": 3.7593984962406015,
      "avg_hour": -0.8403987669485495,
      "weekend_pct": 179.407370958827,
      "outside_hours_pct": 0.0,
      "avg_frequency": 0.9588331759662037,
      "avg_lof_score": 3765929609.814256,
      "top_users": {
        "7": 5
      }
    },
    "8": {
      "label": "Frekuensi Rendah",
      "count": 12,
      "percentage": 9.022556390977442,
      "avg_hour": -0.3920738135182811,
      "weekend_pct": -55.73906995323477,
      "outside_hours_pct": 0.0,
      "avg_frequency": -0.7225257819887431,
      "avg_lof_score": 2510619740.2095027,
      "top_users": {
        "1": 12
      }
    },
    "9": {
      "label": "Frekuensi Rendah",
      "count": 11,
      "percentage": 8.270676691729323,
      "avg_hour": 0.13776476780839975,
      "weekend_pct": -55.73906995323477,
      "outside_hours_pct": 0.0,
      "avg_frequency": -1.0358780904468001,
      "avg_lof_score": 2830557066.9369082,
      "top_users": {
        "10": 11
      }
    }
  }
}